{
  "project_info": {
    "project_number": "669379443739",
    "project_id": "mealmatehhs",
    "storage_bucket": "mealmatehhs.firebasestorage.app"
  },
  "client": [
    {
      "client_info": {
        "mobilesdk_app_id": "1:669379443739:android:aa7f8a23927212f665ccbe",
        "android_client_info": {
          "package_name": "com.example.mealmate"
        }
      },
      "oauth_client": [],
      "api_key": [
        {
          "current_key": "AIzaSyAlRtMLx54UpzOSDpkaQrbkTNtJy6qudSY"
        }
      ],
      "services": {
        "appinvite_service": {
          "other_platform_oauth_client": []
        }
      }
    }
  ],
  "configuration_version": "1"
}